algorithm,reachGoal,collision,Obscollision,maxSteps,nSteps,discountedReturn,undiscountedReturn,simNum,simNumStd,std_nSteps
MCTS,0.03333333333333333,0.8333333333333334,0.13333333333333333,0.0,230.0,9.413277006154726,-6.8036553249454865,40.716430141167855,6.539253956055037,
VO-PLANNER,0.8,0.0,0.2,0.0,227.20833333333334,9.415683868111072,159.01430424899152,,,23.885558974749404
VO-TREE,0.9,0.0,0.0,0.1,265.51851851851853,9.448606784730334,217.44279655592553,41.41389134847289,12.531094185728032,25.878964386559172
