algorithm,reachGoal,collision,Obscollision,maxSteps,nSteps,discountedReturn,undiscountedReturn,simNum,simNumStd,std_nSteps,std_undiscountedReturn,std_discountedReturn
MCTS,0.5,0.4666666666666667,0.03333333333333333,0.0,224.0,9.420998644570231,207.17212747789694,43.79840948458478,10.519844304662834,14.217695212053787,5.281594627427697,0.06209536433341892
MCTS-VO,1.0,0.0,0.0,0.0,266.43333333333334,9.49144272885281,224.0307390769177,37.7590169396194,13.04829446568732,24.29940162926301,5.942633417196265,0.06511868006655702
VO-PLANNER,0.9,0.0,0.03333333333333333,0.06666666666666667,239.25925925925927,9.437217812036694,223.16322766327443,,,33.14141331255015,14.908381109558787,0.10800397600050701
