,h_smoothness,std
MCTS-VO,18.091382922135526,0.905984888202377
MCTS,17.638526744601123,1.267743965690594
VO-PLANNER,4.500625844124277,2.153890907058278
