,vel_smoothness,std
MCTS-VO,1.0618497286451811,0.07544095011123438
MCTS,0.9642544182813275,0.16097977946786987
VO-PLANNER,0.5161195779409735,0.08532750471270921
