,h_smoothness,std
VO-TREE,17.747395883217166,2.855910156462894
MCTS,14.797894736842098,0.0
VO-PLANNER,6.7301593004679985,1.5318581184167384
