,vel_smoothness,std
VO-TREE,1.0120816590771793,0.07677673259400088
MCTS,0.9622803463396983,0.0
VO-PLANNER,0.26866961159224395,0.0404070474197296
