,smoothness,std
VO-TREE,0.9985452210066671,0.095094109003581
MCTS,0.73433415872953,0.08949151485589397
VO-PLANNER,0.25964562183455925,0.046094883235642224
